[{"tableNumber":1,"aMainCount":"","bMainCount":"","cMainCount":"","Drink1Count":"","Drink2Count":"","Desserts1Count":"","ExtraRequest":"","remind":false},{"tableNumber":2,"aMainCount":"","bMainCount":"","cMainCount":"","Drink1Count":"","Drink2Count":"","Desserts1Count":"","ExtraRequest":"","remind":false},{"tableNumber":3,"aMainCount":"","bMainCount":"","cMainCount":"","Drink1Count":"","Drink2Count":"","Desserts1Count":"","ExtraRequest":"","remind":false},{"tableNumber":4,"aMainCount":"","bMainCount":"","cMainCount":"","Drink1Count":"","Drink2Count":"","Desserts1Count":"","ExtraRequest":"","remind":false}]